-- phpMyAdmin SQL Dump
-- version 5.2.0
-- https://www.phpmyadmin.net/
--
-- Servidor: 127.0.0.1
-- Tiempo de generación: 27-09-2022 a las 00:10:02
-- Versión del servidor: 10.4.24-MariaDB
-- Versión de PHP: 8.1.6

SET SQL_MODE = "NO_AUTO_VALUE_ON_ZERO";
START TRANSACTION;
SET time_zone = "+00:00";


/*!40101 SET @OLD_CHARACTER_SET_CLIENT=@@CHARACTER_SET_CLIENT */;
/*!40101 SET @OLD_CHARACTER_SET_RESULTS=@@CHARACTER_SET_RESULTS */;
/*!40101 SET @OLD_COLLATION_CONNECTION=@@COLLATION_CONNECTION */;
/*!40101 SET NAMES utf8mb4 */;

--
-- Base de datos: `travelapp`
--

-- --------------------------------------------------------

--
-- Estructura de tabla para la tabla `activities`
--

CREATE TABLE `activities` (
  `group_id` int(11) NOT NULL,
  `activity_index` tinyint(4) NOT NULL,
  `activity_type` tinyint(4) NOT NULL,
  `agent` int(11) NOT NULL,
  `date_start` date NOT NULL,
  `date_end` date NOT NULL,
  `time_start` time DEFAULT NULL,
  `time_end` time DEFAULT NULL,
  `data` longtext CHARACTER SET utf8mb4 COLLATE utf8mb4_bin DEFAULT NULL CHECK (json_valid(`data`))
) ENGINE=InnoDB DEFAULT CHARSET=utf8mb4 COLLATE=utf8mb4_unicode_ci;

-- --------------------------------------------------------

--
-- Estructura de tabla para la tabla `activity_group`
--

CREATE TABLE `activity_group` (
  `id` int(11) NOT NULL,
  `type` tinyint(4) NOT NULL,
  `date_start` date NOT NULL,
  `date_end` date NOT NULL,
  `time_start` time DEFAULT NULL,
  `time_end` time DEFAULT NULL,
  `data` longtext CHARACTER SET utf8mb4 COLLATE utf8mb4_bin DEFAULT NULL CHECK (json_valid(`data`))
) ENGINE=InnoDB DEFAULT CHARSET=utf8mb4 COLLATE=utf8mb4_unicode_ci;

--
-- Volcado de datos para la tabla `activity_group`
--

INSERT INTO `activity_group` (`id`, `type`, `date_start`, `date_end`, `time_start`, `time_end`, `data`) VALUES
(1, 1, '2022-10-10', '2022-10-12', NULL, NULL, '[\"Evander\",\"Vance Orr\",\"destino 7\",[2,0,0],2,{\"1\":[[1,1,1,1,\"2022-10-10\",\"2022-10-11\",\"11:00\",\"20:00\",[23,[2,0,0],25]],[1,2,1,1,\"2022-10-11\",\"2022-10-12\",\"09:00\",\"14:30\",[22,[2,0,0],25]]],\"2\":[],\"3\":[]},[634959276],[\"\\r\\n    heller.margie@gmail.com\"]]'),
(2, 1, '2022-09-08', '2022-09-14', NULL, NULL, '[\"Paz\",\"Boyle Ingram\",\"destino 5\",[2,2,1],2,{\"1\":[[2,1,1,1,\"2022-09-08\",\"2022-09-08\",\"11:30\",\"14:00\",[24,[2,2,1],26]],[2,2,1,1,\"2022-09-09\",\"2022-09-09\",\"11:30\",\"14:00\",[24,[2,2,1],26]],[2,3,1,1,\"2022-09-10\",\"2022-09-11\",\"09:00\",\"14:30\",[22,[2,2,1],26]],[2,4,1,1,\"2022-09-11\",\"2022-09-11\",\"11:30\",\"14:00\",[24,[2,2,1],26]],[2,5,1,1,\"2022-09-12\",\"2022-09-13\",\"07:00\",\"16:00\",[20,[2,2,1],26]],[2,6,1,1,\"2022-09-13\",\"2022-09-14\",\"09:00\",\"14:30\",[22,[2,2,1],26]]],\"2\":[],\"3\":[]},[612418807],[\"\\r\\n    gayle.schuppe@gmail.com\"]]'),
(3, 1, '2022-10-17', '2022-10-19', NULL, NULL, '[\"Duska\",\"Park Swanson\",\"destino 3\",[3,2,0],2,{\"1\":[[3,1,1,1,\"2022-10-17\",\"2022-10-18\",\"11:00\",\"20:00\",[23,[3,2,0],27]],[3,2,1,1,\"2022-10-18\",\"2022-10-18\",\"12:30\",\"17:00\",[18,[3,2,0],27]]],\"2\":[[3,3,2,1,\"2022-10-17\",\"2022-10-19\",null,null,[25,[[1,1]]]]],\"3\":[]},[623637203],[\"\\r\\n    xlakin@yahoo.com\"]]'),
(4, 1, '2022-09-24', '2022-09-27', NULL, NULL, '[\"Malik\",\"Miller House\",\"destino 10\",[4,0,1],2,{\"1\":[[4,1,1,1,\"2022-09-24\",\"2022-09-25\",\"11:00\",\"20:00\",[23,[4,0,1],28]],[4,2,1,1,\"2022-09-25\",\"2022-09-25\",\"12:30\",\"18:00\",[17,[4,0,1],28]],[4,3,1,1,\"2022-09-26\",\"2022-09-26\",\"12:30\",\"17:00\",[18,[4,0,1],28]]],\"2\":[[4,4,2,1,\"2022-09-24\",\"2022-09-27\",null,null,[36,[[1,1]]]]],\"3\":[]},[655082329],[\"\\r\\n    kirlin.ashton@yahoo.com\"]]'),
(5, 1, '2022-10-16', '2022-10-18', NULL, NULL, '[\"Raisa\",\"Hill Durham\",\"destino 3\",[4,0,0],2,{\"1\":[[5,1,1,1,\"2022-10-16\",\"2022-10-16\",\"11:30\",\"14:00\",[24,[4,0,0],29]],[5,2,1,1,\"2022-10-17\",\"2022-10-17\",\"12:30\",\"17:00\",[18,[4,0,0],29]]],\"2\":[],\"3\":[]},[662335182],[\"\\r\\n    kassulke.eryn@witting.com\"]]'),
(6, 1, '2022-09-08', '2022-09-12', NULL, NULL, '[\"Malik\",\"Morin Farrell\",\"destino 5\",[3,2,1],2,{\"1\":[[6,1,1,1,\"2022-09-08\",\"2022-09-08\",\"12:30\",\"18:00\",[17,[3,2,1],30]],[6,2,1,1,\"2022-09-09\",\"2022-09-10\",\"09:00\",\"14:30\",[22,[3,2,1],30]],[6,3,1,1,\"2022-09-10\",\"2022-09-11\",\"07:00\",\"16:00\",[20,[3,2,1],30]],[6,4,1,1,\"2022-09-11\",\"2022-09-12\",\"07:00\",\"16:00\",[20,[3,2,1],30]]],\"2\":[[6,5,2,1,\"2022-09-08\",\"2022-09-12\",null,null,[25,[[1,1]]]]],\"3\":[]},[665226421],[\"\\r\\n    akilback@hill.org\"]]'),
(7, 1, '2022-09-13', '2022-09-18', NULL, NULL, '[\"Raisa\",\"Calderon Pugh\",\"destino 5\",[3,0,0],8,{\"1\":[[7,1,1,1,\"2022-09-13\",\"2022-09-13\",\"11:30\",\"14:00\",[24,[3,0,0],31]],[7,2,1,1,\"2022-09-14\",\"2022-09-14\",\"11:30\",\"14:00\",[24,[3,0,0],31]],[7,3,1,1,\"2022-09-15\",\"2022-09-15\",\"11:30\",\"14:00\",[24,[3,0,0],31]],[7,4,1,1,\"2022-09-16\",\"2022-09-16\",\"12:30\",\"18:00\",[17,[3,0,0],31]],[7,5,1,1,\"2022-09-17\",\"2022-09-17\",\"12:30\",\"17:00\",[18,[3,0,0],31]]],\"2\":[[7,6,2,1,\"2022-09-13\",\"2022-09-18\",null,null,[28,[[1,1]]]]],\"3\":[]},[664049576],[\"\\r\\n    lerdman@gmail.com\"]]'),
(8, 1, '2022-09-11', '2022-09-14', NULL, NULL, '[\"Caris\",\"Baird Baldwin\",\"destino 7\",[2,0,0],9,{\"1\":[[8,1,1,1,\"2022-09-11\",\"2022-09-12\",\"07:00\",\"16:00\",[20,[2,0,0],32]],[8,2,1,1,\"2022-09-12\",\"2022-09-13\",\"07:00\",\"19:30\",[21,[2,0,0],32]],[8,3,1,1,\"2022-09-13\",\"2022-09-14\",\"07:00\",\"16:00\",[20,[2,0,0],32]]],\"2\":[[8,4,2,1,\"2022-09-11\",\"2022-09-14\",null,null,[35,[[1,1]]]]],\"3\":[]},[643091029],[\"\\r\\n    mmueller@walsh.org\"]]'),
(9, 1, '2022-10-02', '2022-10-04', NULL, NULL, '[\"Paz\",\"Hubbard Goff\",\"destino 8\",[2,0,0],2,{\"1\":[[9,1,1,1,\"2022-10-02\",\"2022-10-02\",\"12:30\",\"18:00\",[17,[2,0,0],33]],[9,2,1,1,\"2022-10-03\",\"2022-10-04\",\"09:00\",\"14:30\",[22,[2,0,0],33]]],\"2\":[[9,3,2,1,\"2022-10-02\",\"2022-10-04\",null,null,[27,[[1,1]]]]],\"3\":[]},[610243487],[\"\\r\\n    mstokes@mertz.net\"]]'),
(10, 1, '2022-10-10', '2022-10-13', NULL, NULL, '[\"Haris\",\"Hardy Swanson\",\"destino 4\",[3,0,1],2,{\"1\":[[10,1,1,1,\"2022-10-10\",\"2022-10-11\",\"07:00\",\"19:30\",[21,[3,0,1],34]],[10,2,1,1,\"2022-10-11\",\"2022-10-12\",\"09:00\",\"14:30\",[22,[3,0,1],34]],[10,3,1,1,\"2022-10-12\",\"2022-10-13\",\"11:00\",\"20:00\",[23,[3,0,1],34]]],\"2\":[],\"3\":[]},[645264991],[\"\\r\\n    kgleichner@gmail.com\"]]'),
(11, 1, '2022-10-03', '2022-10-07', NULL, NULL, '[\"Laila\",\"Wong Travis\",\"destino 9\",[2,0,0],2,{\"1\":[[11,1,1,1,\"2022-10-03\",\"2022-10-04\",\"11:00\",\"20:00\",[23,[2,0,0],35]],[11,2,1,1,\"2022-10-04\",\"2022-10-04\",\"11:30\",\"14:00\",[24,[2,0,0],35]],[11,3,1,1,\"2022-10-05\",\"2022-10-06\",\"07:00\",\"19:30\",[21,[2,0,0],35]],[11,4,1,1,\"2022-10-06\",\"2022-10-07\",\"11:00\",\"20:00\",[23,[2,0,0],35]]],\"2\":[],\"3\":[]},[619824170],[\"\\r\\n    orion96@hotmail.com\"]]'),
(12, 1, '2022-09-07', '2022-09-10', NULL, NULL, '[\"Lina\",\"Vaughan Conley\",\"destino 4\",[1,0,0],2,{\"1\":[[12,1,1,1,\"2022-09-07\",\"2022-09-07\",\"07:30\",\"19:30\",[19,[1,0,0],36]],[12,2,1,1,\"2022-09-08\",\"2022-09-08\",\"11:30\",\"14:00\",[24,[1,0,0],36]],[12,3,1,1,\"2022-09-09\",\"2022-09-10\",\"11:00\",\"20:00\",[23,[1,0,0],36]]],\"2\":[],\"3\":[]},[603122512],[\"\\r\\n    edd.jakubowski@schowalter.biz\"]]'),
(13, 1, '2022-09-16', '2022-09-18', NULL, NULL, '[\"Anita\",\"Huff Chase\",\"destino 9\",[1,2,0],3,{\"1\":[[13,1,1,1,\"2022-09-16\",\"2022-09-16\",\"07:30\",\"19:30\",[19,[1,2,0],37]],[13,2,1,1,\"2022-09-17\",\"2022-09-18\",\"07:00\",\"16:00\",[20,[1,2,0],37]]],\"2\":[[13,3,2,1,\"2022-09-16\",\"2022-09-18\",null,null,[32,[[1,1]]]]],\"3\":[]},[643926460],[\"\\r\\n    edgar68@schamberger.com\"]]'),
(14, 1, '2022-09-29', '2022-10-04', NULL, NULL, '[\"Noor\",\"Morse Velasquez\",\"destino 6\",[1,1,0],2,{\"1\":[[14,1,1,1,\"2022-09-29\",\"2022-09-30\",\"09:00\",\"14:30\",[22,[1,1,0],38]],[14,2,1,1,\"2022-09-30\",\"2022-10-01\",\"11:00\",\"20:00\",[23,[1,1,0],38]],[14,3,1,1,\"2022-10-01\",\"2022-10-01\",\"07:30\",\"19:30\",[19,[1,1,0],38]],[14,4,1,1,\"2022-10-02\",\"2022-10-03\",\"09:00\",\"14:30\",[22,[1,1,0],38]],[14,5,1,1,\"2022-10-03\",\"2022-10-03\",\"12:30\",\"18:00\",[17,[1,1,0],38]]],\"2\":[],\"3\":[]},[648720796],[\"\\r\\n    heller.margie@gmail.com\"]]'),
(15, 1, '2022-10-13', '2022-10-17', NULL, NULL, '[\"Nia\",\"Little Camacho\",\"destino 2\",[2,0,1],7,{\"1\":[[15,1,1,1,\"2022-10-13\",\"2022-10-13\",\"12:30\",\"17:00\",[18,[2,0,1],39]],[15,2,1,1,\"2022-10-14\",\"2022-10-14\",\"12:30\",\"17:00\",[18,[2,0,1],39]],[15,3,1,1,\"2022-10-15\",\"2022-10-16\",\"11:00\",\"20:00\",[23,[2,0,1],39]],[15,4,1,1,\"2022-10-16\",\"2022-10-16\",\"12:30\",\"18:00\",[17,[2,0,1],39]]],\"2\":[[15,5,2,1,\"2022-10-13\",\"2022-10-17\",null,null,[34,[[1,1]]]]],\"3\":[]},[658102080],[\"\\r\\n    tgerlach@gmail.com\"]]'),
(16, 1, '2022-09-09', '2022-09-15', NULL, NULL, '[\"Azami\",\"Stone Crawford\",\"destino 8\",[4,1,1],2,{\"1\":[[16,1,1,1,\"2022-09-09\",\"2022-09-09\",\"12:30\",\"17:00\",[18,[4,1,1],40]],[16,2,1,1,\"2022-09-10\",\"2022-09-11\",\"09:00\",\"14:30\",[22,[4,1,1],40]],[16,3,1,1,\"2022-09-11\",\"2022-09-12\",\"07:00\",\"16:00\",[20,[4,1,1],40]],[16,4,1,1,\"2022-09-12\",\"2022-09-13\",\"11:00\",\"20:00\",[23,[4,1,1],40]],[16,5,1,1,\"2022-09-13\",\"2022-09-14\",\"07:00\",\"19:30\",[21,[4,1,1],40]],[16,6,1,1,\"2022-09-14\",\"2022-09-15\",\"07:00\",\"16:00\",[20,[4,1,1],40]]],\"2\":[[16,7,2,1,\"2022-09-09\",\"2022-09-15\",null,null,[34,[[1,1]]]]],\"3\":[]},[679765229],[\"\\r\\n    champlin.abdiel@gutkowski.com\"]]'),
(17, 1, '2022-09-18', '2022-09-22', NULL, NULL, '[\"Raisa\",\"Williams James\",\"destino 7\",[2,0,0],2,{\"1\":[[17,1,1,1,\"2022-09-18\",\"2022-09-18\",\"07:30\",\"19:30\",[19,[2,0,0],41]],[17,2,1,1,\"2022-09-19\",\"2022-09-19\",\"07:30\",\"19:30\",[19,[2,0,0],41]],[17,3,1,1,\"2022-09-20\",\"2022-09-20\",\"11:30\",\"14:00\",[24,[2,0,0],41]],[17,4,1,1,\"2022-09-21\",\"2022-09-22\",\"07:00\",\"19:30\",[21,[2,0,0],41]]],\"2\":[[17,5,2,1,\"2022-09-18\",\"2022-09-22\",null,null,[33,[[1,1]]]]],\"3\":[]},[676579665],[\"\\r\\n    nader.ernie@murray.com\"]]'),
(18, 1, '2022-09-10', '2022-09-14', NULL, NULL, '[\"Azami\",\"Mcpherson Black\",\"destino 5\",[4,0,0],2,{\"1\":[[18,1,1,1,\"2022-09-10\",\"2022-09-10\",\"12:30\",\"18:00\",[17,[4,0,0],42]],[18,2,1,1,\"2022-09-11\",\"2022-09-12\",\"11:00\",\"20:00\",[23,[4,0,0],42]],[18,3,1,1,\"2022-09-12\",\"2022-09-13\",\"09:00\",\"14:30\",[22,[4,0,0],42]],[18,4,1,1,\"2022-09-13\",\"2022-09-14\",\"11:00\",\"20:00\",[23,[4,0,0],42]]],\"2\":[],\"3\":[]},[669072896],[\"\\r\\n    bethany.stracke@hotmail.com\"]]'),
(19, 1, '2022-09-12', '2022-09-16', NULL, NULL, '[\"Anima\",\"Hill Sparks\",\"destino 4\",[3,0,0],2,{\"1\":[[19,1,1,1,\"2022-09-12\",\"2022-09-13\",\"09:00\",\"14:30\",[22,[3,0,0],43]],[19,2,1,1,\"2022-09-13\",\"2022-09-14\",\"09:00\",\"14:30\",[22,[3,0,0],43]],[19,3,1,1,\"2022-09-14\",\"2022-09-15\",\"07:00\",\"19:30\",[21,[3,0,0],43]],[19,4,1,1,\"2022-09-15\",\"2022-09-16\",\"07:00\",\"19:30\",[21,[3,0,0],43]]],\"2\":[[19,5,2,1,\"2022-09-12\",\"2022-09-16\",null,null,[30,[[1,1]]]]],\"3\":[]},[607098608],[\"\\r\\n    dgreenfelder@gmail.com\"]]'),
(20, 1, '2022-09-27', '2022-10-03', NULL, NULL, '[\"Azami\",\"Newton Gibbs\",\"destino 1\",[3,0,1],2,{\"1\":[[20,1,1,1,\"2022-09-27\",\"2022-09-28\",\"07:00\",\"16:00\",[20,[3,0,1],44]],[20,2,1,1,\"2022-09-28\",\"2022-09-28\",\"12:30\",\"18:00\",[17,[3,0,1],44]],[20,3,1,1,\"2022-09-29\",\"2022-09-29\",\"07:30\",\"19:30\",[19,[3,0,1],44]],[20,4,1,1,\"2022-09-30\",\"2022-10-01\",\"07:00\",\"19:30\",[21,[3,0,1],44]],[20,5,1,1,\"2022-10-01\",\"2022-10-02\",\"07:00\",\"19:30\",[21,[3,0,1],44]],[20,6,1,1,\"2022-10-02\",\"2022-10-03\",\"11:00\",\"20:00\",[23,[3,0,1],44]]],\"2\":[],\"3\":[]},[674410144],[\"\\r\\n    marion77@hotmail.com\"]]'),
(21, 1, '2022-10-13', '2022-10-17', NULL, NULL, '[\"Caris\",\"Kemp Norton\",\"destino 4\",[3,0,0],2,{\"1\":[[21,1,1,1,\"2022-10-13\",\"2022-10-14\",\"09:00\",\"14:30\",[22,[3,0,0],45]],[21,2,1,1,\"2022-10-14\",\"2022-10-14\",\"12:30\",\"17:00\",[18,[3,0,0],45]],[21,3,1,1,\"2022-10-15\",\"2022-10-15\",\"12:30\",\"17:00\",[18,[3,0,0],45]],[21,4,1,1,\"2022-10-16\",\"2022-10-17\",\"11:00\",\"20:00\",[23,[3,0,0],45]]],\"2\":[],\"3\":[]},[656601835],[\"\\r\\n    liana04@hackett.biz\"]]'),
(22, 1, '2022-10-06', '2022-10-10', NULL, NULL, '[\"Lina\",\"Ellis Peterson\",\"destino 4\",[4,0,0],8,{\"1\":[[22,1,1,1,\"2022-10-06\",\"2022-10-06\",\"07:30\",\"19:30\",[19,[4,0,0],46]],[22,2,1,1,\"2022-10-07\",\"2022-10-07\",\"07:30\",\"19:30\",[19,[4,0,0],46]],[22,3,1,1,\"2022-10-08\",\"2022-10-09\",\"09:00\",\"14:30\",[22,[4,0,0],46]],[22,4,1,1,\"2022-10-09\",\"2022-10-10\",\"11:00\",\"20:00\",[23,[4,0,0],46]]],\"2\":[[22,5,2,1,\"2022-10-06\",\"2022-10-10\",null,null,[26,[[1,1]]]]],\"3\":[]},[658365906],[\"\\r\\n    kassulke.eryn@witting.com\"]]'),
(23, 1, '2022-10-08', '2022-10-11', NULL, NULL, '[\"Zahara\",\"Kline Bradford\",\"destino 2\",[1,0,0],6,{\"1\":[[23,1,1,1,\"2022-10-08\",\"2022-10-09\",\"07:00\",\"16:00\",[20,[1,0,0],47]],[23,2,1,1,\"2022-10-09\",\"2022-10-09\",\"12:30\",\"17:00\",[18,[1,0,0],47]],[23,3,1,1,\"2022-10-10\",\"2022-10-11\",\"09:00\",\"14:30\",[22,[1,0,0],47]]],\"2\":[],\"3\":[]},[603112031],[\"\\r\\n    qjohns@gmail.com\"]]'),
(24, 1, '2022-09-13', '2022-09-17', NULL, NULL, '[\"Azami\",\"Cantrell Norris\",\"destino 7\",[1,0,0],2,{\"1\":[[24,1,1,1,\"2022-09-13\",\"2022-09-14\",\"09:00\",\"14:30\",[22,[1,0,0],48]],[24,2,1,1,\"2022-09-14\",\"2022-09-15\",\"11:00\",\"20:00\",[23,[1,0,0],48]],[24,3,1,1,\"2022-09-15\",\"2022-09-16\",\"07:00\",\"16:00\",[20,[1,0,0],48]],[24,4,1,1,\"2022-09-16\",\"2022-09-17\",\"11:00\",\"20:00\",[23,[1,0,0],48]]],\"2\":[],\"3\":[]},[645363988],[\"\\r\\n    bergstrom.bruce@gmail.com\"]]'),
(25, 2, '2022-10-10', '2022-10-11', '11:00:00', '20:00:00', '[\"23\",[[1,1,[2,0,0]]],{\"6\":[[null,1,6,2,\"2022-10-10\",\"2022-10-11\",\"11:00\",\"20:00\",[]]],\"4\":[[null,1,4,14,\"2022-10-10\",\"2022-10-11\",\"11:00\",\"20:00\",[]]],\"5\":[[null,1,5,12,\"2022-10-10\",\"2022-10-11\",\"11:00\",\"20:00\",[]]],\"7\":[[null,1,6,3,\"2022-10-10\",\"2022-10-11\",\"11:00\",\"20:00\",[]]]}]'),
(26, 2, '2022-10-11', '2022-10-12', '09:00:00', '14:30:00', '[\"22\",[[1,2,[2,0,0]],[10,2,[3,0,1]]],{\"6\":[[null,1,6,7,\"2022-10-11\",\"2022-10-12\",\"09:00\",\"14:30\",[]]],\"4\":[[null,1,4,16,\"2022-10-11\",\"2022-10-12\",\"09:00\",\"14:30\",[]]],\"5\":[[null,1,5,14,\"2022-10-11\",\"2022-10-12\",\"09:00\",\"14:30\",[]]],\"7\":[[null,1,6,6,\"2022-10-11\",\"2022-10-12\",\"09:00\",\"14:30\",[]]]}]'),
(27, 2, '2022-09-08', '2022-09-08', '11:30:00', '14:00:00', '[\"24\",[[2,1,[2,2,1]],[12,2,[1,0,0]]],{\"6\":[[null,1,6,8,\"2022-09-08\",\"2022-09-08\",\"11:30\",\"14:00\",[]]],\"4\":[[null,1,4,11,\"2022-09-08\",\"2022-09-08\",\"11:30\",\"14:00\",[]]],\"5\":[[null,1,5,11,\"2022-09-08\",\"2022-09-08\",\"11:30\",\"14:00\",[]]],\"7\":[[null,1,6,6,\"2022-09-08\",\"2022-09-08\",\"11:30\",\"14:00\",[]]]}]'),
(28, 2, '2022-09-09', '2022-09-09', '11:30:00', '14:00:00', '[\"24\",[[2,2,[2,2,1]]],{\"6\":[[null,1,6,7,\"2022-09-09\",\"2022-09-09\",\"11:30\",\"14:00\",[]]],\"4\":[[null,1,4,14,\"2022-09-09\",\"2022-09-09\",\"11:30\",\"14:00\",[]]],\"5\":[[null,1,5,15,\"2022-09-09\",\"2022-09-09\",\"11:30\",\"14:00\",[]]],\"7\":[[null,1,6,5,\"2022-09-09\",\"2022-09-09\",\"11:30\",\"14:00\",[]]]}]'),
(29, 2, '2022-09-10', '2022-09-11', '09:00:00', '14:30:00', '[\"22\",[[2,3,[2,2,1]],[16,2,[4,1,1]]],{\"6\":[[null,1,6,8,\"2022-09-10\",\"2022-09-11\",\"09:00\",\"14:30\",[]]],\"4\":[[null,1,4,14,\"2022-09-10\",\"2022-09-11\",\"09:00\",\"14:30\",[]]],\"5\":[[null,1,5,13,\"2022-09-10\",\"2022-09-11\",\"09:00\",\"14:30\",[]]],\"7\":[[null,1,6,7,\"2022-09-10\",\"2022-09-11\",\"09:00\",\"14:30\",[]]]}]'),
(30, 2, '2022-09-11', '2022-09-11', '11:30:00', '14:00:00', '[\"24\",[[2,4,[2,2,1]]],{\"6\":[[null,1,6,3,\"2022-09-11\",\"2022-09-11\",\"11:30\",\"14:00\",[]]],\"4\":[[null,1,4,15,\"2022-09-11\",\"2022-09-11\",\"11:30\",\"14:00\",[]]],\"5\":[[null,1,5,12,\"2022-09-11\",\"2022-09-11\",\"11:30\",\"14:00\",[]]],\"7\":[[null,1,6,3,\"2022-09-11\",\"2022-09-11\",\"11:30\",\"14:00\",[]]]}]'),
(31, 2, '2022-09-12', '2022-09-13', '07:00:00', '16:00:00', '[\"20\",[[2,5,[2,2,1]]],{\"6\":[[null,1,6,4,\"2022-09-12\",\"2022-09-13\",\"07:00\",\"16:00\",[]]],\"4\":[[null,1,4,12,\"2022-09-12\",\"2022-09-13\",\"07:00\",\"16:00\",[]]],\"5\":[[null,1,5,15,\"2022-09-12\",\"2022-09-13\",\"07:00\",\"16:00\",[]]],\"7\":[[null,1,6,8,\"2022-09-12\",\"2022-09-13\",\"07:00\",\"16:00\",[]]]}]'),
(32, 2, '2022-09-13', '2022-09-14', '09:00:00', '14:30:00', '[\"22\",[[2,6,[2,2,1]],[19,2,[3,0,0]],[24,1,[1,0,0]]],{\"6\":[[null,1,6,4,\"2022-09-13\",\"2022-09-14\",\"09:00\",\"14:30\",[]]],\"4\":[[null,1,4,14,\"2022-09-13\",\"2022-09-14\",\"09:00\",\"14:30\",[]]],\"5\":[[null,1,5,11,\"2022-09-13\",\"2022-09-14\",\"09:00\",\"14:30\",[]]],\"7\":[[null,1,6,10,\"2022-09-13\",\"2022-09-14\",\"09:00\",\"14:30\",[]]]}]'),
(33, 2, '2022-10-17', '2022-10-18', '11:00:00', '20:00:00', '[\"23\",[[3,1,[3,2,0]]],{\"6\":[[null,1,6,9,\"2022-10-17\",\"2022-10-18\",\"11:00\",\"20:00\",[]]],\"4\":[[null,1,4,11,\"2022-10-17\",\"2022-10-18\",\"11:00\",\"20:00\",[]]],\"5\":[[null,1,5,12,\"2022-10-17\",\"2022-10-18\",\"11:00\",\"20:00\",[]]],\"7\":[[null,1,6,4,\"2022-10-17\",\"2022-10-18\",\"11:00\",\"20:00\",[]]]}]'),
(34, 2, '2022-10-18', '2022-10-18', '12:30:00', '17:00:00', '[\"18\",[[3,2,[3,2,0]]],{\"6\":[[null,1,6,4,\"2022-10-18\",\"2022-10-18\",\"12:30\",\"17:00\",[]]],\"4\":[[null,1,4,13,\"2022-10-18\",\"2022-10-18\",\"12:30\",\"17:00\",[]]],\"5\":[[null,1,5,11,\"2022-10-18\",\"2022-10-18\",\"12:30\",\"17:00\",[]]],\"7\":[[null,1,6,9,\"2022-10-18\",\"2022-10-18\",\"12:30\",\"17:00\",[]]]}]'),
(35, 2, '2022-09-24', '2022-09-25', '11:00:00', '20:00:00', '[\"23\",[[4,1,[4,0,1]]],{\"6\":[[null,1,6,5,\"2022-09-24\",\"2022-09-25\",\"11:00\",\"20:00\",[]]],\"4\":[[null,1,4,16,\"2022-09-24\",\"2022-09-25\",\"11:00\",\"20:00\",[]]],\"5\":[[null,1,5,15,\"2022-09-24\",\"2022-09-25\",\"11:00\",\"20:00\",[]]],\"7\":[[null,1,6,3,\"2022-09-24\",\"2022-09-25\",\"11:00\",\"20:00\",[]]]}]'),
(36, 2, '2022-09-25', '2022-09-25', '12:30:00', '18:00:00', '[\"17\",[[4,2,[4,0,1]]],{\"6\":[[null,1,6,3,\"2022-09-25\",\"2022-09-25\",\"12:30\",\"18:00\",[]]],\"4\":[[null,1,4,16,\"2022-09-25\",\"2022-09-25\",\"12:30\",\"18:00\",[]]],\"5\":[[null,1,5,12,\"2022-09-25\",\"2022-09-25\",\"12:30\",\"18:00\",[]]],\"7\":[[null,1,6,4,\"2022-09-25\",\"2022-09-25\",\"12:30\",\"18:00\",[]]]}]'),
(37, 2, '2022-09-26', '2022-09-26', '12:30:00', '17:00:00', '[\"18\",[[4,3,[4,0,1]]],{\"6\":[[null,1,6,2,\"2022-09-26\",\"2022-09-26\",\"12:30\",\"17:00\",[]]],\"4\":[[null,1,4,16,\"2022-09-26\",\"2022-09-26\",\"12:30\",\"17:00\",[]]],\"5\":[[null,1,5,11,\"2022-09-26\",\"2022-09-26\",\"12:30\",\"17:00\",[]]],\"7\":[[null,1,6,8,\"2022-09-26\",\"2022-09-26\",\"12:30\",\"17:00\",[]]]}]'),
(38, 2, '2022-10-16', '2022-10-16', '11:30:00', '14:00:00', '[\"24\",[[5,1,[4,0,0]]],{\"6\":[[null,1,6,4,\"2022-10-16\",\"2022-10-16\",\"11:30\",\"14:00\",[]]],\"4\":[[null,1,4,16,\"2022-10-16\",\"2022-10-16\",\"11:30\",\"14:00\",[]]],\"5\":[[null,1,5,15,\"2022-10-16\",\"2022-10-16\",\"11:30\",\"14:00\",[]]],\"7\":[[null,1,6,5,\"2022-10-16\",\"2022-10-16\",\"11:30\",\"14:00\",[]]]}]'),
(39, 2, '2022-10-17', '2022-10-17', '12:30:00', '17:00:00', '[\"18\",[[5,2,[4,0,0]]],{\"6\":[[null,1,6,4,\"2022-10-17\",\"2022-10-17\",\"12:30\",\"17:00\",[]]],\"4\":[[null,1,4,13,\"2022-10-17\",\"2022-10-17\",\"12:30\",\"17:00\",[]]],\"5\":[[null,1,5,16,\"2022-10-17\",\"2022-10-17\",\"12:30\",\"17:00\",[]]],\"7\":[[null,1,6,6,\"2022-10-17\",\"2022-10-17\",\"12:30\",\"17:00\",[]]]}]'),
(40, 2, '2022-09-08', '2022-09-08', '12:30:00', '18:00:00', '[\"17\",[[6,1,[3,2,1]]],{\"6\":[[null,1,6,5,\"2022-09-08\",\"2022-09-08\",\"12:30\",\"18:00\",[]]],\"4\":[[null,1,4,16,\"2022-09-08\",\"2022-09-08\",\"12:30\",\"18:00\",[]]],\"5\":[[null,1,5,12,\"2022-09-08\",\"2022-09-08\",\"12:30\",\"18:00\",[]]],\"7\":[[null,1,6,7,\"2022-09-08\",\"2022-09-08\",\"12:30\",\"18:00\",[]]]}]'),
(41, 2, '2022-09-09', '2022-09-10', '09:00:00', '14:30:00', '[\"22\",[[6,2,[3,2,1]]],{\"6\":[[null,1,6,10,\"2022-09-09\",\"2022-09-10\",\"09:00\",\"14:30\",[]]],\"4\":[[null,1,4,13,\"2022-09-09\",\"2022-09-10\",\"09:00\",\"14:30\",[]]],\"5\":[[null,1,5,14,\"2022-09-09\",\"2022-09-10\",\"09:00\",\"14:30\",[]]],\"7\":[[null,1,6,8,\"2022-09-09\",\"2022-09-10\",\"09:00\",\"14:30\",[]]]}]'),
(42, 2, '2022-09-10', '2022-09-11', '07:00:00', '16:00:00', '[\"20\",[[6,3,[3,2,1]]],{\"6\":[[null,1,6,7,\"2022-09-10\",\"2022-09-11\",\"07:00\",\"16:00\",[]]],\"4\":[[null,1,4,13,\"2022-09-10\",\"2022-09-11\",\"07:00\",\"16:00\",[]]],\"5\":[[null,1,5,12,\"2022-09-10\",\"2022-09-11\",\"07:00\",\"16:00\",[]]],\"7\":[[null,1,6,2,\"2022-09-10\",\"2022-09-11\",\"07:00\",\"16:00\",[]]]}]'),
(43, 2, '2022-09-11', '2022-09-12', '07:00:00', '16:00:00', '[\"20\",[[6,4,[3,2,1]],[8,1,[2,0,0]],[16,3,[4,1,1]]],{\"6\":[[null,1,6,2,\"2022-09-11\",\"2022-09-12\",\"07:00\",\"16:00\",[]]],\"4\":[[null,1,4,14,\"2022-09-11\",\"2022-09-12\",\"07:00\",\"16:00\",[]]],\"5\":[[null,1,5,11,\"2022-09-11\",\"2022-09-12\",\"07:00\",\"16:00\",[]]],\"7\":[[null,1,6,8,\"2022-09-11\",\"2022-09-12\",\"07:00\",\"16:00\",[]]]}]'),
(44, 2, '2022-09-13', '2022-09-13', '11:30:00', '14:00:00', '[\"24\",[[7,1,[3,0,0]]],{\"6\":[[null,1,6,4,\"2022-09-13\",\"2022-09-13\",\"11:30\",\"14:00\",[]]],\"4\":[[null,1,4,14,\"2022-09-13\",\"2022-09-13\",\"11:30\",\"14:00\",[]]],\"5\":[[null,1,5,14,\"2022-09-13\",\"2022-09-13\",\"11:30\",\"14:00\",[]]],\"7\":[[null,1,6,6,\"2022-09-13\",\"2022-09-13\",\"11:30\",\"14:00\",[]]]}]'),
(45, 2, '2022-09-14', '2022-09-14', '11:30:00', '14:00:00', '[\"24\",[[7,2,[3,0,0]]],{\"6\":[[null,1,6,2,\"2022-09-14\",\"2022-09-14\",\"11:30\",\"14:00\",[]]],\"4\":[[null,1,4,15,\"2022-09-14\",\"2022-09-14\",\"11:30\",\"14:00\",[]]],\"5\":[[null,1,5,13,\"2022-09-14\",\"2022-09-14\",\"11:30\",\"14:00\",[]]],\"7\":[[null,1,6,5,\"2022-09-14\",\"2022-09-14\",\"11:30\",\"14:00\",[]]]}]'),
(46, 2, '2022-09-15', '2022-09-15', '11:30:00', '14:00:00', '[\"24\",[[7,3,[3,0,0]]],{\"6\":[[null,1,6,3,\"2022-09-15\",\"2022-09-15\",\"11:30\",\"14:00\",[]]],\"4\":[[null,1,4,14,\"2022-09-15\",\"2022-09-15\",\"11:30\",\"14:00\",[]]],\"5\":[[null,1,5,14,\"2022-09-15\",\"2022-09-15\",\"11:30\",\"14:00\",[]]],\"7\":[[null,1,6,7,\"2022-09-15\",\"2022-09-15\",\"11:30\",\"14:00\",[]]]}]'),
(47, 2, '2022-09-16', '2022-09-16', '12:30:00', '18:00:00', '[\"17\",[[7,4,[3,0,0]]],{\"6\":[[null,1,6,4,\"2022-09-16\",\"2022-09-16\",\"12:30\",\"18:00\",[]]],\"4\":[[null,1,4,11,\"2022-09-16\",\"2022-09-16\",\"12:30\",\"18:00\",[]]],\"5\":[[null,1,5,13,\"2022-09-16\",\"2022-09-16\",\"12:30\",\"18:00\",[]]],\"7\":[[null,1,6,10,\"2022-09-16\",\"2022-09-16\",\"12:30\",\"18:00\",[]]]}]'),
(48, 2, '2022-09-17', '2022-09-17', '12:30:00', '17:00:00', '[\"18\",[[7,5,[3,0,0]]],{\"6\":[[null,1,6,5,\"2022-09-17\",\"2022-09-17\",\"12:30\",\"17:00\",[]]],\"4\":[[null,1,4,12,\"2022-09-17\",\"2022-09-17\",\"12:30\",\"17:00\",[]]],\"5\":[[null,1,5,16,\"2022-09-17\",\"2022-09-17\",\"12:30\",\"17:00\",[]]],\"7\":[[null,1,6,5,\"2022-09-17\",\"2022-09-17\",\"12:30\",\"17:00\",[]]]}]'),
(49, 2, '2022-09-12', '2022-09-13', '07:00:00', '19:30:00', '[\"21\",[[8,2,[2,0,0]]],{\"6\":[[null,1,6,2,\"2022-09-12\",\"2022-09-13\",\"07:00\",\"19:30\",[]]],\"4\":[[null,1,4,15,\"2022-09-12\",\"2022-09-13\",\"07:00\",\"19:30\",[]]],\"5\":[[null,1,5,11,\"2022-09-12\",\"2022-09-13\",\"07:00\",\"19:30\",[]]],\"7\":[[null,1,6,5,\"2022-09-12\",\"2022-09-13\",\"07:00\",\"19:30\",[]]]}]'),
(50, 2, '2022-09-13', '2022-09-14', '07:00:00', '16:00:00', '[\"20\",[[8,3,[2,0,0]]],{\"6\":[[null,1,6,7,\"2022-09-13\",\"2022-09-14\",\"07:00\",\"16:00\",[]]],\"4\":[[null,1,4,14,\"2022-09-13\",\"2022-09-14\",\"07:00\",\"16:00\",[]]],\"5\":[[null,1,5,12,\"2022-09-13\",\"2022-09-14\",\"07:00\",\"16:00\",[]]],\"7\":[[null,1,6,8,\"2022-09-13\",\"2022-09-14\",\"07:00\",\"16:00\",[]]]}]'),
(51, 2, '2022-10-02', '2022-10-02', '12:30:00', '18:00:00', '[\"17\",[[9,1,[2,0,0]]],{\"6\":[[null,1,6,3,\"2022-10-02\",\"2022-10-02\",\"12:30\",\"18:00\",[]]],\"4\":[[null,1,4,15,\"2022-10-02\",\"2022-10-02\",\"12:30\",\"18:00\",[]]],\"5\":[[null,1,5,14,\"2022-10-02\",\"2022-10-02\",\"12:30\",\"18:00\",[]]],\"7\":[[null,1,6,8,\"2022-10-02\",\"2022-10-02\",\"12:30\",\"18:00\",[]]]}]'),
(52, 2, '2022-10-03', '2022-10-04', '09:00:00', '14:30:00', '[\"22\",[[9,2,[2,0,0]]],{\"6\":[[null,1,6,10,\"2022-10-03\",\"2022-10-04\",\"09:00\",\"14:30\",[]]],\"4\":[[null,1,4,14,\"2022-10-03\",\"2022-10-04\",\"09:00\",\"14:30\",[]]],\"5\":[[null,1,5,15,\"2022-10-03\",\"2022-10-04\",\"09:00\",\"14:30\",[]]],\"7\":[[null,1,6,8,\"2022-10-03\",\"2022-10-04\",\"09:00\",\"14:30\",[]]]}]'),
(53, 2, '2022-10-10', '2022-10-11', '07:00:00', '19:30:00', '[\"21\",[[10,1,[3,0,1]]],{\"6\":[[null,1,6,10,\"2022-10-10\",\"2022-10-11\",\"07:00\",\"19:30\",[]]],\"4\":[[null,1,4,12,\"2022-10-10\",\"2022-10-11\",\"07:00\",\"19:30\",[]]],\"5\":[[null,1,5,16,\"2022-10-10\",\"2022-10-11\",\"07:00\",\"19:30\",[]]],\"7\":[[null,1,6,3,\"2022-10-10\",\"2022-10-11\",\"07:00\",\"19:30\",[]]]}]'),
(54, 2, '2022-10-12', '2022-10-13', '11:00:00', '20:00:00', '[\"23\",[[10,3,[3,0,1]]],{\"6\":[[null,1,6,3,\"2022-10-12\",\"2022-10-13\",\"11:00\",\"20:00\",[]]],\"4\":[[null,1,4,15,\"2022-10-12\",\"2022-10-13\",\"11:00\",\"20:00\",[]]],\"5\":[[null,1,5,12,\"2022-10-12\",\"2022-10-13\",\"11:00\",\"20:00\",[]]],\"7\":[[null,1,6,5,\"2022-10-12\",\"2022-10-13\",\"11:00\",\"20:00\",[]]]}]'),
(55, 2, '2022-10-03', '2022-10-04', '11:00:00', '20:00:00', '[\"23\",[[11,1,[2,0,0]]],{\"6\":[[null,1,6,7,\"2022-10-03\",\"2022-10-04\",\"11:00\",\"20:00\",[]]],\"4\":[[null,1,4,13,\"2022-10-03\",\"2022-10-04\",\"11:00\",\"20:00\",[]]],\"5\":[[null,1,5,11,\"2022-10-03\",\"2022-10-04\",\"11:00\",\"20:00\",[]]],\"7\":[[null,1,6,10,\"2022-10-03\",\"2022-10-04\",\"11:00\",\"20:00\",[]]]}]'),
(56, 2, '2022-10-04', '2022-10-04', '11:30:00', '14:00:00', '[\"24\",[[11,2,[2,0,0]]],{\"6\":[[null,1,6,4,\"2022-10-04\",\"2022-10-04\",\"11:30\",\"14:00\",[]]],\"4\":[[null,1,4,14,\"2022-10-04\",\"2022-10-04\",\"11:30\",\"14:00\",[]]],\"5\":[[null,1,5,16,\"2022-10-04\",\"2022-10-04\",\"11:30\",\"14:00\",[]]],\"7\":[[null,1,6,6,\"2022-10-04\",\"2022-10-04\",\"11:30\",\"14:00\",[]]]}]'),
(57, 2, '2022-10-05', '2022-10-06', '07:00:00', '19:30:00', '[\"21\",[[11,3,[2,0,0]]],{\"6\":[[null,1,6,7,\"2022-10-05\",\"2022-10-06\",\"07:00\",\"19:30\",[]]],\"4\":[[null,1,4,15,\"2022-10-05\",\"2022-10-06\",\"07:00\",\"19:30\",[]]],\"5\":[[null,1,5,14,\"2022-10-05\",\"2022-10-06\",\"07:00\",\"19:30\",[]]],\"7\":[[null,1,6,9,\"2022-10-05\",\"2022-10-06\",\"07:00\",\"19:30\",[]]]}]'),
(58, 2, '2022-10-06', '2022-10-07', '11:00:00', '20:00:00', '[\"23\",[[11,4,[2,0,0]]],{\"6\":[[null,1,6,2,\"2022-10-06\",\"2022-10-07\",\"11:00\",\"20:00\",[]]],\"4\":[[null,1,4,15,\"2022-10-06\",\"2022-10-07\",\"11:00\",\"20:00\",[]]],\"5\":[[null,1,5,14,\"2022-10-06\",\"2022-10-07\",\"11:00\",\"20:00\",[]]],\"7\":[[null,1,6,6,\"2022-10-06\",\"2022-10-07\",\"11:00\",\"20:00\",[]]]}]'),
(59, 2, '2022-09-07', '2022-09-07', '07:30:00', '19:30:00', '[\"19\",[[12,1,[1,0,0]]],{\"6\":[[null,1,6,3,\"2022-09-07\",\"2022-09-07\",\"07:30\",\"19:30\",[]]],\"4\":[[null,1,4,11,\"2022-09-07\",\"2022-09-07\",\"07:30\",\"19:30\",[]]],\"5\":[[null,1,5,16,\"2022-09-07\",\"2022-09-07\",\"07:30\",\"19:30\",[]]],\"7\":[[null,1,6,2,\"2022-09-07\",\"2022-09-07\",\"07:30\",\"19:30\",[]]]}]'),
(60, 2, '2022-09-09', '2022-09-10', '11:00:00', '20:00:00', '[\"23\",[[12,3,[1,0,0]]],{\"6\":[[null,1,6,4,\"2022-09-09\",\"2022-09-10\",\"11:00\",\"20:00\",[]]],\"4\":[[null,1,4,11,\"2022-09-09\",\"2022-09-10\",\"11:00\",\"20:00\",[]]],\"5\":[[null,1,5,14,\"2022-09-09\",\"2022-09-10\",\"11:00\",\"20:00\",[]]],\"7\":[[null,1,6,4,\"2022-09-09\",\"2022-09-10\",\"11:00\",\"20:00\",[]]]}]'),
(61, 2, '2022-09-16', '2022-09-16', '07:30:00', '19:30:00', '[\"19\",[[13,1,[1,2,0]]],{\"6\":[[null,1,6,5,\"2022-09-16\",\"2022-09-16\",\"07:30\",\"19:30\",[]]],\"4\":[[null,1,4,15,\"2022-09-16\",\"2022-09-16\",\"07:30\",\"19:30\",[]]],\"5\":[[null,1,5,11,\"2022-09-16\",\"2022-09-16\",\"07:30\",\"19:30\",[]]],\"7\":[[null,1,6,10,\"2022-09-16\",\"2022-09-16\",\"07:30\",\"19:30\",[]]]}]'),
(62, 2, '2022-09-17', '2022-09-18', '07:00:00', '16:00:00', '[\"20\",[[13,2,[1,2,0]]],{\"6\":[[null,1,6,4,\"2022-09-17\",\"2022-09-18\",\"07:00\",\"16:00\",[]]],\"4\":[[null,1,4,15,\"2022-09-17\",\"2022-09-18\",\"07:00\",\"16:00\",[]]],\"5\":[[null,1,5,11,\"2022-09-17\",\"2022-09-18\",\"07:00\",\"16:00\",[]]],\"7\":[[null,1,6,7,\"2022-09-17\",\"2022-09-18\",\"07:00\",\"16:00\",[]]]}]'),
(63, 2, '2022-09-29', '2022-09-30', '09:00:00', '14:30:00', '[\"22\",[[14,1,[1,1,0]]],{\"6\":[[null,1,6,9,\"2022-09-29\",\"2022-09-30\",\"09:00\",\"14:30\",[]]],\"4\":[[null,1,4,14,\"2022-09-29\",\"2022-09-30\",\"09:00\",\"14:30\",[]]],\"5\":[[null,1,5,16,\"2022-09-29\",\"2022-09-30\",\"09:00\",\"14:30\",[]]],\"7\":[[null,1,6,2,\"2022-09-29\",\"2022-09-30\",\"09:00\",\"14:30\",[]]]}]'),
(64, 2, '2022-09-30', '2022-10-01', '11:00:00', '20:00:00', '[\"23\",[[14,2,[1,1,0]]],{\"6\":[[null,1,6,3,\"2022-09-30\",\"2022-10-01\",\"11:00\",\"20:00\",[]]],\"4\":[[null,1,4,16,\"2022-09-30\",\"2022-10-01\",\"11:00\",\"20:00\",[]]],\"5\":[[null,1,5,14,\"2022-09-30\",\"2022-10-01\",\"11:00\",\"20:00\",[]]],\"7\":[[null,1,6,6,\"2022-09-30\",\"2022-10-01\",\"11:00\",\"20:00\",[]]]}]'),
(65, 2, '2022-10-01', '2022-10-01', '07:30:00', '19:30:00', '[\"19\",[[14,3,[1,1,0]]],{\"6\":[[null,1,6,9,\"2022-10-01\",\"2022-10-01\",\"07:30\",\"19:30\",[]]],\"4\":[[null,1,4,13,\"2022-10-01\",\"2022-10-01\",\"07:30\",\"19:30\",[]]],\"5\":[[null,1,5,14,\"2022-10-01\",\"2022-10-01\",\"07:30\",\"19:30\",[]]],\"7\":[[null,1,6,10,\"2022-10-01\",\"2022-10-01\",\"07:30\",\"19:30\",[]]]}]'),
(66, 2, '2022-10-02', '2022-10-03', '09:00:00', '14:30:00', '[\"22\",[[14,4,[1,1,0]]],{\"6\":[[null,1,6,5,\"2022-10-02\",\"2022-10-03\",\"09:00\",\"14:30\",[]]],\"4\":[[null,1,4,15,\"2022-10-02\",\"2022-10-03\",\"09:00\",\"14:30\",[]]],\"5\":[[null,1,5,13,\"2022-10-02\",\"2022-10-03\",\"09:00\",\"14:30\",[]]],\"7\":[[null,1,6,8,\"2022-10-02\",\"2022-10-03\",\"09:00\",\"14:30\",[]]]}]'),
(67, 2, '2022-10-03', '2022-10-03', '12:30:00', '18:00:00', '[\"17\",[[14,5,[1,1,0]]],{\"6\":[[null,1,6,5,\"2022-10-03\",\"2022-10-03\",\"12:30\",\"18:00\",[]]],\"4\":[[null,1,4,12,\"2022-10-03\",\"2022-10-03\",\"12:30\",\"18:00\",[]]],\"5\":[[null,1,5,12,\"2022-10-03\",\"2022-10-03\",\"12:30\",\"18:00\",[]]],\"7\":[[null,1,6,2,\"2022-10-03\",\"2022-10-03\",\"12:30\",\"18:00\",[]]]}]'),
(68, 2, '2022-10-13', '2022-10-13', '12:30:00', '17:00:00', '[\"18\",[[15,1,[2,0,1]]],{\"6\":[[null,1,6,8,\"2022-10-13\",\"2022-10-13\",\"12:30\",\"17:00\",[]]],\"4\":[[null,1,4,11,\"2022-10-13\",\"2022-10-13\",\"12:30\",\"17:00\",[]]],\"5\":[[null,1,5,16,\"2022-10-13\",\"2022-10-13\",\"12:30\",\"17:00\",[]]],\"7\":[[null,1,6,9,\"2022-10-13\",\"2022-10-13\",\"12:30\",\"17:00\",[]]]}]'),
(69, 2, '2022-10-14', '2022-10-14', '12:30:00', '17:00:00', '[\"18\",[[15,2,[2,0,1]],[21,2,[3,0,0]]],{\"6\":[[null,1,6,7,\"2022-10-14\",\"2022-10-14\",\"12:30\",\"17:00\",[]]],\"4\":[[null,1,4,16,\"2022-10-14\",\"2022-10-14\",\"12:30\",\"17:00\",[]]],\"5\":[[null,1,5,15,\"2022-10-14\",\"2022-10-14\",\"12:30\",\"17:00\",[]]],\"7\":[[null,1,6,7,\"2022-10-14\",\"2022-10-14\",\"12:30\",\"17:00\",[]]]}]'),
(70, 2, '2022-10-15', '2022-10-16', '11:00:00', '20:00:00', '[\"23\",[[15,3,[2,0,1]]],{\"6\":[[null,1,6,4,\"2022-10-15\",\"2022-10-16\",\"11:00\",\"20:00\",[]]],\"4\":[[null,1,4,11,\"2022-10-15\",\"2022-10-16\",\"11:00\",\"20:00\",[]]],\"5\":[[null,1,5,11,\"2022-10-15\",\"2022-10-16\",\"11:00\",\"20:00\",[]]],\"7\":[[null,1,6,2,\"2022-10-15\",\"2022-10-16\",\"11:00\",\"20:00\",[]]]}]'),
(71, 2, '2022-10-16', '2022-10-16', '12:30:00', '18:00:00', '[\"17\",[[15,4,[2,0,1]]],{\"6\":[[null,1,6,2,\"2022-10-16\",\"2022-10-16\",\"12:30\",\"18:00\",[]]],\"4\":[[null,1,4,11,\"2022-10-16\",\"2022-10-16\",\"12:30\",\"18:00\",[]]],\"5\":[[null,1,5,12,\"2022-10-16\",\"2022-10-16\",\"12:30\",\"18:00\",[]]],\"7\":[[null,1,6,8,\"2022-10-16\",\"2022-10-16\",\"12:30\",\"18:00\",[]]]}]'),
(72, 2, '2022-09-09', '2022-09-09', '12:30:00', '17:00:00', '[\"18\",[[16,1,[4,1,1]]],{\"6\":[[null,1,6,8,\"2022-09-09\",\"2022-09-09\",\"12:30\",\"17:00\",[]]],\"4\":[[null,1,4,16,\"2022-09-09\",\"2022-09-09\",\"12:30\",\"17:00\",[]]],\"5\":[[null,1,5,12,\"2022-09-09\",\"2022-09-09\",\"12:30\",\"17:00\",[]]],\"7\":[[null,1,6,10,\"2022-09-09\",\"2022-09-09\",\"12:30\",\"17:00\",[]]]}]'),
(73, 2, '2022-09-12', '2022-09-13', '11:00:00', '20:00:00', '[\"23\",[[16,4,[4,1,1]]],{\"6\":[[null,1,6,8,\"2022-09-12\",\"2022-09-13\",\"11:00\",\"20:00\",[]]],\"4\":[[null,1,4,13,\"2022-09-12\",\"2022-09-13\",\"11:00\",\"20:00\",[]]],\"5\":[[null,1,5,11,\"2022-09-12\",\"2022-09-13\",\"11:00\",\"20:00\",[]]],\"7\":[[null,1,6,8,\"2022-09-12\",\"2022-09-13\",\"11:00\",\"20:00\",[]]]}]'),
(74, 2, '2022-09-13', '2022-09-14', '07:00:00', '19:30:00', '[\"21\",[[16,5,[4,1,1]]],{\"6\":[[null,1,6,8,\"2022-09-13\",\"2022-09-14\",\"07:00\",\"19:30\",[]]],\"4\":[[null,1,4,15,\"2022-09-13\",\"2022-09-14\",\"07:00\",\"19:30\",[]]],\"5\":[[null,1,5,12,\"2022-09-13\",\"2022-09-14\",\"07:00\",\"19:30\",[]]],\"7\":[[null,1,6,2,\"2022-09-13\",\"2022-09-14\",\"07:00\",\"19:30\",[]]]}]'),
(75, 2, '2022-09-14', '2022-09-15', '07:00:00', '16:00:00', '[\"20\",[[16,6,[4,1,1]]],{\"6\":[[null,1,6,6,\"2022-09-14\",\"2022-09-15\",\"07:00\",\"16:00\",[]]],\"4\":[[null,1,4,16,\"2022-09-14\",\"2022-09-15\",\"07:00\",\"16:00\",[]]],\"5\":[[null,1,5,15,\"2022-09-14\",\"2022-09-15\",\"07:00\",\"16:00\",[]]],\"7\":[[null,1,6,5,\"2022-09-14\",\"2022-09-15\",\"07:00\",\"16:00\",[]]]}]'),
(76, 2, '2022-09-18', '2022-09-18', '07:30:00', '19:30:00', '[\"19\",[[17,1,[2,0,0]]],{\"6\":[[null,1,6,5,\"2022-09-18\",\"2022-09-18\",\"07:30\",\"19:30\",[]]],\"4\":[[null,1,4,16,\"2022-09-18\",\"2022-09-18\",\"07:30\",\"19:30\",[]]],\"5\":[[null,1,5,13,\"2022-09-18\",\"2022-09-18\",\"07:30\",\"19:30\",[]]],\"7\":[[null,1,6,3,\"2022-09-18\",\"2022-09-18\",\"07:30\",\"19:30\",[]]]}]'),
(77, 2, '2022-09-19', '2022-09-19', '07:30:00', '19:30:00', '[\"19\",[[17,2,[2,0,0]]],{\"6\":[[null,1,6,6,\"2022-09-19\",\"2022-09-19\",\"07:30\",\"19:30\",[]]],\"4\":[[null,1,4,13,\"2022-09-19\",\"2022-09-19\",\"07:30\",\"19:30\",[]]],\"5\":[[null,1,5,12,\"2022-09-19\",\"2022-09-19\",\"07:30\",\"19:30\",[]]],\"7\":[[null,1,6,5,\"2022-09-19\",\"2022-09-19\",\"07:30\",\"19:30\",[]]]}]'),
(78, 2, '2022-09-20', '2022-09-20', '11:30:00', '14:00:00', '[\"24\",[[17,3,[2,0,0]]],{\"6\":[[null,1,6,7,\"2022-09-20\",\"2022-09-20\",\"11:30\",\"14:00\",[]]],\"4\":[[null,1,4,15,\"2022-09-20\",\"2022-09-20\",\"11:30\",\"14:00\",[]]],\"5\":[[null,1,5,12,\"2022-09-20\",\"2022-09-20\",\"11:30\",\"14:00\",[]]],\"7\":[[null,1,6,3,\"2022-09-20\",\"2022-09-20\",\"11:30\",\"14:00\",[]]]}]'),
(79, 2, '2022-09-21', '2022-09-22', '07:00:00', '19:30:00', '[\"21\",[[17,4,[2,0,0]]],{\"6\":[[null,1,6,4,\"2022-09-21\",\"2022-09-22\",\"07:00\",\"19:30\",[]]],\"4\":[[null,1,4,12,\"2022-09-21\",\"2022-09-22\",\"07:00\",\"19:30\",[]]],\"5\":[[null,1,5,12,\"2022-09-21\",\"2022-09-22\",\"07:00\",\"19:30\",[]]],\"7\":[[null,1,6,9,\"2022-09-21\",\"2022-09-22\",\"07:00\",\"19:30\",[]]]}]'),
(80, 2, '2022-09-10', '2022-09-10', '12:30:00', '18:00:00', '[\"17\",[[18,1,[4,0,0]]],{\"6\":[[null,1,6,10,\"2022-09-10\",\"2022-09-10\",\"12:30\",\"18:00\",[]]],\"4\":[[null,1,4,11,\"2022-09-10\",\"2022-09-10\",\"12:30\",\"18:00\",[]]],\"5\":[[null,1,5,16,\"2022-09-10\",\"2022-09-10\",\"12:30\",\"18:00\",[]]],\"7\":[[null,1,6,5,\"2022-09-10\",\"2022-09-10\",\"12:30\",\"18:00\",[]]]}]'),
(81, 2, '2022-09-11', '2022-09-12', '11:00:00', '20:00:00', '[\"23\",[[18,2,[4,0,0]]],{\"6\":[[null,1,6,3,\"2022-09-11\",\"2022-09-12\",\"11:00\",\"20:00\",[]]],\"4\":[[null,1,4,11,\"2022-09-11\",\"2022-09-12\",\"11:00\",\"20:00\",[]]],\"5\":[[null,1,5,15,\"2022-09-11\",\"2022-09-12\",\"11:00\",\"20:00\",[]]],\"7\":[[null,1,6,2,\"2022-09-11\",\"2022-09-12\",\"11:00\",\"20:00\",[]]]}]'),
(82, 2, '2022-09-12', '2022-09-13', '09:00:00', '14:30:00', '[\"22\",[[18,3,[4,0,0]],[19,1,[3,0,0]]],{\"6\":[[null,1,6,2,\"2022-09-12\",\"2022-09-13\",\"09:00\",\"14:30\",[]]],\"4\":[[null,1,4,13,\"2022-09-12\",\"2022-09-13\",\"09:00\",\"14:30\",[]]],\"5\":[[null,1,5,11,\"2022-09-12\",\"2022-09-13\",\"09:00\",\"14:30\",[]]],\"7\":[[null,1,6,10,\"2022-09-12\",\"2022-09-13\",\"09:00\",\"14:30\",[]]]}]'),
(83, 2, '2022-09-13', '2022-09-14', '11:00:00', '20:00:00', '[\"23\",[[18,4,[4,0,0]]],{\"6\":[[null,1,6,3,\"2022-09-13\",\"2022-09-14\",\"11:00\",\"20:00\",[]]],\"4\":[[null,1,4,13,\"2022-09-13\",\"2022-09-14\",\"11:00\",\"20:00\",[]]],\"5\":[[null,1,5,16,\"2022-09-13\",\"2022-09-14\",\"11:00\",\"20:00\",[]]],\"7\":[[null,1,6,8,\"2022-09-13\",\"2022-09-14\",\"11:00\",\"20:00\",[]]]}]'),
(84, 2, '2022-09-14', '2022-09-15', '07:00:00', '19:30:00', '[\"21\",[[19,3,[3,0,0]]],{\"6\":[[null,1,6,8,\"2022-09-14\",\"2022-09-15\",\"07:00\",\"19:30\",[]]],\"4\":[[null,1,4,13,\"2022-09-14\",\"2022-09-15\",\"07:00\",\"19:30\",[]]],\"5\":[[null,1,5,15,\"2022-09-14\",\"2022-09-15\",\"07:00\",\"19:30\",[]]],\"7\":[[null,1,6,10,\"2022-09-14\",\"2022-09-15\",\"07:00\",\"19:30\",[]]]}]'),
(85, 2, '2022-09-15', '2022-09-16', '07:00:00', '19:30:00', '[\"21\",[[19,4,[3,0,0]]],{\"6\":[[null,1,6,3,\"2022-09-15\",\"2022-09-16\",\"07:00\",\"19:30\",[]]],\"4\":[[null,1,4,14,\"2022-09-15\",\"2022-09-16\",\"07:00\",\"19:30\",[]]],\"5\":[[null,1,5,14,\"2022-09-15\",\"2022-09-16\",\"07:00\",\"19:30\",[]]],\"7\":[[null,1,6,6,\"2022-09-15\",\"2022-09-16\",\"07:00\",\"19:30\",[]]]}]'),
(86, 2, '2022-09-27', '2022-09-28', '07:00:00', '16:00:00', '[\"20\",[[20,1,[3,0,1]]],{\"6\":[[null,1,6,6,\"2022-09-27\",\"2022-09-28\",\"07:00\",\"16:00\",[]]],\"4\":[[null,1,4,15,\"2022-09-27\",\"2022-09-28\",\"07:00\",\"16:00\",[]]],\"5\":[[null,1,5,13,\"2022-09-27\",\"2022-09-28\",\"07:00\",\"16:00\",[]]],\"7\":[[null,1,6,7,\"2022-09-27\",\"2022-09-28\",\"07:00\",\"16:00\",[]]]}]'),
(87, 2, '2022-09-28', '2022-09-28', '12:30:00', '18:00:00', '[\"17\",[[20,2,[3,0,1]]],{\"6\":[[null,1,6,7,\"2022-09-28\",\"2022-09-28\",\"12:30\",\"18:00\",[]]],\"4\":[[null,1,4,14,\"2022-09-28\",\"2022-09-28\",\"12:30\",\"18:00\",[]]],\"5\":[[null,1,5,16,\"2022-09-28\",\"2022-09-28\",\"12:30\",\"18:00\",[]]],\"7\":[[null,1,6,4,\"2022-09-28\",\"2022-09-28\",\"12:30\",\"18:00\",[]]]}]'),
(88, 2, '2022-09-29', '2022-09-29', '07:30:00', '19:30:00', '[\"19\",[[20,3,[3,0,1]]],{\"6\":[[null,1,6,2,\"2022-09-29\",\"2022-09-29\",\"07:30\",\"19:30\",[]]],\"4\":[[null,1,4,11,\"2022-09-29\",\"2022-09-29\",\"07:30\",\"19:30\",[]]],\"5\":[[null,1,5,12,\"2022-09-29\",\"2022-09-29\",\"07:30\",\"19:30\",[]]],\"7\":[[null,1,6,2,\"2022-09-29\",\"2022-09-29\",\"07:30\",\"19:30\",[]]]}]'),
(89, 2, '2022-09-30', '2022-10-01', '07:00:00', '19:30:00', '[\"21\",[[20,4,[3,0,1]]],{\"6\":[[null,1,6,3,\"2022-09-30\",\"2022-10-01\",\"07:00\",\"19:30\",[]]],\"4\":[[null,1,4,14,\"2022-09-30\",\"2022-10-01\",\"07:00\",\"19:30\",[]]],\"5\":[[null,1,5,16,\"2022-09-30\",\"2022-10-01\",\"07:00\",\"19:30\",[]]],\"7\":[[null,1,6,7,\"2022-09-30\",\"2022-10-01\",\"07:00\",\"19:30\",[]]]}]'),
(90, 2, '2022-10-01', '2022-10-02', '07:00:00', '19:30:00', '[\"21\",[[20,5,[3,0,1]]],{\"6\":[[null,1,6,3,\"2022-10-01\",\"2022-10-02\",\"07:00\",\"19:30\",[]]],\"4\":[[null,1,4,15,\"2022-10-01\",\"2022-10-02\",\"07:00\",\"19:30\",[]]],\"5\":[[null,1,5,15,\"2022-10-01\",\"2022-10-02\",\"07:00\",\"19:30\",[]]],\"7\":[[null,1,6,10,\"2022-10-01\",\"2022-10-02\",\"07:00\",\"19:30\",[]]]}]'),
(91, 2, '2022-10-02', '2022-10-03', '11:00:00', '20:00:00', '[\"23\",[[20,6,[3,0,1]]],{\"6\":[[null,1,6,2,\"2022-10-02\",\"2022-10-03\",\"11:00\",\"20:00\",[]]],\"4\":[[null,1,4,13,\"2022-10-02\",\"2022-10-03\",\"11:00\",\"20:00\",[]]],\"5\":[[null,1,5,12,\"2022-10-02\",\"2022-10-03\",\"11:00\",\"20:00\",[]]],\"7\":[[null,1,6,2,\"2022-10-02\",\"2022-10-03\",\"11:00\",\"20:00\",[]]]}]'),
(92, 2, '2022-10-13', '2022-10-14', '09:00:00', '14:30:00', '[\"22\",[[21,1,[3,0,0]]],{\"6\":[[null,1,6,5,\"2022-10-13\",\"2022-10-14\",\"09:00\",\"14:30\",[]]],\"4\":[[null,1,4,14,\"2022-10-13\",\"2022-10-14\",\"09:00\",\"14:30\",[]]],\"5\":[[null,1,5,16,\"2022-10-13\",\"2022-10-14\",\"09:00\",\"14:30\",[]]],\"7\":[[null,1,6,6,\"2022-10-13\",\"2022-10-14\",\"09:00\",\"14:30\",[]]]}]'),
(93, 2, '2022-10-15', '2022-10-15', '12:30:00', '17:00:00', '[\"18\",[[21,3,[3,0,0]]],{\"6\":[[null,1,6,3,\"2022-10-15\",\"2022-10-15\",\"12:30\",\"17:00\",[]]],\"4\":[[null,1,4,14,\"2022-10-15\",\"2022-10-15\",\"12:30\",\"17:00\",[]]],\"5\":[[null,1,5,16,\"2022-10-15\",\"2022-10-15\",\"12:30\",\"17:00\",[]]],\"7\":[[null,1,6,4,\"2022-10-15\",\"2022-10-15\",\"12:30\",\"17:00\",[]]]}]'),
(94, 2, '2022-10-16', '2022-10-17', '11:00:00', '20:00:00', '[\"23\",[[21,4,[3,0,0]]],{\"6\":[[null,1,6,9,\"2022-10-16\",\"2022-10-17\",\"11:00\",\"20:00\",[]]],\"4\":[[null,1,4,14,\"2022-10-16\",\"2022-10-17\",\"11:00\",\"20:00\",[]]],\"5\":[[null,1,5,14,\"2022-10-16\",\"2022-10-17\",\"11:00\",\"20:00\",[]]],\"7\":[[null,1,6,3,\"2022-10-16\",\"2022-10-17\",\"11:00\",\"20:00\",[]]]}]'),
(95, 2, '2022-10-06', '2022-10-06', '07:30:00', '19:30:00', '[\"19\",[[22,1,[4,0,0]]],{\"6\":[[null,1,6,2,\"2022-10-06\",\"2022-10-06\",\"07:30\",\"19:30\",[]]],\"4\":[[null,1,4,11,\"2022-10-06\",\"2022-10-06\",\"07:30\",\"19:30\",[]]],\"5\":[[null,1,5,15,\"2022-10-06\",\"2022-10-06\",\"07:30\",\"19:30\",[]]],\"7\":[[null,1,6,10,\"2022-10-06\",\"2022-10-06\",\"07:30\",\"19:30\",[]]]}]'),
(96, 2, '2022-10-07', '2022-10-07', '07:30:00', '19:30:00', '[\"19\",[[22,2,[4,0,0]]],{\"6\":[[null,1,6,2,\"2022-10-07\",\"2022-10-07\",\"07:30\",\"19:30\",[]]],\"4\":[[null,1,4,13,\"2022-10-07\",\"2022-10-07\",\"07:30\",\"19:30\",[]]],\"5\":[[null,1,5,13,\"2022-10-07\",\"2022-10-07\",\"07:30\",\"19:30\",[]]],\"7\":[[null,1,6,8,\"2022-10-07\",\"2022-10-07\",\"07:30\",\"19:30\",[]]]}]'),
(97, 2, '2022-10-08', '2022-10-09', '09:00:00', '14:30:00', '[\"22\",[[22,3,[4,0,0]]],{\"6\":[[null,1,6,4,\"2022-10-08\",\"2022-10-09\",\"09:00\",\"14:30\",[]]],\"4\":[[null,1,4,12,\"2022-10-08\",\"2022-10-09\",\"09:00\",\"14:30\",[]]],\"5\":[[null,1,5,15,\"2022-10-08\",\"2022-10-09\",\"09:00\",\"14:30\",[]]],\"7\":[[null,1,6,5,\"2022-10-08\",\"2022-10-09\",\"09:00\",\"14:30\",[]]]}]'),
(98, 2, '2022-10-09', '2022-10-10', '11:00:00', '20:00:00', '[\"23\",[[22,4,[4,0,0]]],{\"6\":[[null,1,6,8,\"2022-10-09\",\"2022-10-10\",\"11:00\",\"20:00\",[]]],\"4\":[[null,1,4,14,\"2022-10-09\",\"2022-10-10\",\"11:00\",\"20:00\",[]]],\"5\":[[null,1,5,15,\"2022-10-09\",\"2022-10-10\",\"11:00\",\"20:00\",[]]],\"7\":[[null,1,6,2,\"2022-10-09\",\"2022-10-10\",\"11:00\",\"20:00\",[]]]}]'),
(99, 2, '2022-10-08', '2022-10-09', '07:00:00', '16:00:00', '[\"20\",[[23,1,[1,0,0]]],{\"6\":[[null,1,6,2,\"2022-10-08\",\"2022-10-09\",\"07:00\",\"16:00\",[]]],\"4\":[[null,1,4,12,\"2022-10-08\",\"2022-10-09\",\"07:00\",\"16:00\",[]]],\"5\":[[null,1,5,16,\"2022-10-08\",\"2022-10-09\",\"07:00\",\"16:00\",[]]],\"7\":[[null,1,6,2,\"2022-10-08\",\"2022-10-09\",\"07:00\",\"16:00\",[]]]}]'),
(100, 2, '2022-10-09', '2022-10-09', '12:30:00', '17:00:00', '[\"18\",[[23,2,[1,0,0]]],{\"6\":[[null,1,6,5,\"2022-10-09\",\"2022-10-09\",\"12:30\",\"17:00\",[]]],\"4\":[[null,1,4,13,\"2022-10-09\",\"2022-10-09\",\"12:30\",\"17:00\",[]]],\"5\":[[null,1,5,15,\"2022-10-09\",\"2022-10-09\",\"12:30\",\"17:00\",[]]],\"7\":[[null,1,6,3,\"2022-10-09\",\"2022-10-09\",\"12:30\",\"17:00\",[]]]}]'),
(101, 2, '2022-10-10', '2022-10-11', '09:00:00', '14:30:00', '[\"22\",[[23,3,[1,0,0]]],{\"6\":[[null,1,6,8,\"2022-10-10\",\"2022-10-11\",\"09:00\",\"14:30\",[]]],\"4\":[[null,1,4,11,\"2022-10-10\",\"2022-10-11\",\"09:00\",\"14:30\",[]]],\"5\":[[null,1,5,11,\"2022-10-10\",\"2022-10-11\",\"09:00\",\"14:30\",[]]],\"7\":[[null,1,6,6,\"2022-10-10\",\"2022-10-11\",\"09:00\",\"14:30\",[]]]}]'),
(102, 2, '2022-09-14', '2022-09-15', '11:00:00', '20:00:00', '[\"23\",[[24,2,[1,0,0]]],{\"6\":[[null,1,6,4,\"2022-09-14\",\"2022-09-15\",\"11:00\",\"20:00\",[]]],\"4\":[[null,1,4,13,\"2022-09-14\",\"2022-09-15\",\"11:00\",\"20:00\",[]]],\"5\":[[null,1,5,11,\"2022-09-14\",\"2022-09-15\",\"11:00\",\"20:00\",[]]],\"7\":[[null,1,6,6,\"2022-09-14\",\"2022-09-15\",\"11:00\",\"20:00\",[]]]}]'),
(103, 2, '2022-09-15', '2022-09-16', '07:00:00', '16:00:00', '[\"20\",[[24,3,[1,0,0]]],{\"6\":[[null,1,6,3,\"2022-09-15\",\"2022-09-16\",\"07:00\",\"16:00\",[]]],\"4\":[[null,1,4,15,\"2022-09-15\",\"2022-09-16\",\"07:00\",\"16:00\",[]]],\"5\":[[null,1,5,16,\"2022-09-15\",\"2022-09-16\",\"07:00\",\"16:00\",[]]],\"7\":[[null,1,6,4,\"2022-09-15\",\"2022-09-16\",\"07:00\",\"16:00\",[]]]}]'),
(104, 2, '2022-09-16', '2022-09-17', '11:00:00', '20:00:00', '[\"23\",[[24,4,[1,0,0]]],{\"6\":[[null,1,6,4,\"2022-09-16\",\"2022-09-17\",\"11:00\",\"20:00\",[]]],\"4\":[[null,1,4,16,\"2022-09-16\",\"2022-09-17\",\"11:00\",\"20:00\",[]]],\"5\":[[null,1,5,13,\"2022-09-16\",\"2022-09-17\",\"11:00\",\"20:00\",[]]],\"7\":[[null,1,6,6,\"2022-09-16\",\"2022-09-17\",\"11:00\",\"20:00\",[]]]}]');

-- --------------------------------------------------------

--
-- Estructura de tabla para la tabla `agents`
--

CREATE TABLE `agents` (
  `id` int(11) NOT NULL,
  `agent_type` enum('0','1','2','3') COLLATE utf8mb4_unicode_ci NOT NULL
) ENGINE=InnoDB DEFAULT CHARSET=utf8mb4 COLLATE=utf8mb4_unicode_ci;

--
-- Volcado de datos para la tabla `agents`
--

INSERT INTO `agents` (`id`, `agent_type`) VALUES
(1, '0'),
(2, '1'),
(3, '1'),
(4, '1'),
(5, '1'),
(6, '1'),
(7, '1'),
(8, '1'),
(9, '1'),
(10, '1'),
(11, '1'),
(12, '2'),
(13, '2'),
(14, '2'),
(15, '2'),
(16, '2'),
(17, '2'),
(18, '3'),
(19, '3'),
(20, '3'),
(21, '3'),
(22, '3'),
(23, '3'),
(24, '3'),
(25, '3'),
(26, '3'),
(27, '3'),
(28, '3'),
(29, '3');

-- --------------------------------------------------------

--
-- Estructura de tabla para la tabla `concept_invoice`
--

CREATE TABLE `concept_invoice` (
  `id` int(11) NOT NULL,
  `group_id` int(11) NOT NULL,
  `activity_index` tinyint(4) NOT NULL,
  `activity_type` tinyint(4) NOT NULL,
  `invoice` int(11) DEFAULT NULL,
  `amount` float NOT NULL,
  `concept` varchar(70) COLLATE utf8mb4_unicode_ci DEFAULT NULL,
  `details` longtext CHARACTER SET utf8mb4 COLLATE utf8mb4_bin DEFAULT NULL CHECK (json_valid(`details`))
) ENGINE=InnoDB DEFAULT CHARSET=utf8mb4 COLLATE=utf8mb4_unicode_ci;

-- --------------------------------------------------------

--
-- Estructura de tabla para la tabla `inventory_items`
--

CREATE TABLE `inventory_items` (
  `id` int(11) NOT NULL,
  `agent` int(11) DEFAULT NULL,
  `type` enum('1','2','3','4','5') COLLATE utf8mb4_unicode_ci NOT NULL,
  `data` longtext CHARACTER SET utf8mb4 COLLATE utf8mb4_bin DEFAULT NULL CHECK (json_valid(`data`)),
  `hidden` tinyint(1) DEFAULT 0
) ENGINE=InnoDB DEFAULT CHARSET=utf8mb4 COLLATE=utf8mb4_unicode_ci;

--
-- Volcado de datos para la tabla `inventory_items`
--

INSERT INTO `inventory_items` (`id`, `agent`, `type`, `data`, `hidden`) VALUES
(1, 2, '1', '[\"empresa 1\",482070,\"direccion 9, destino 5, pais 5\",[669884574],[\"\\r\\n    cali26@metz.net\",\"\\r\\n    kprohaska@hotmail.com\"]]', 0),
(2, 3, '1', '[\"empresa 2\",565504,\"direccion 10, destino 2, pais 2\",[692322277],[\"\\r\\n    marina51@hotmail.com\",\"\\r\\n    heller.margie@gmail.com\"]]', 0),
(3, 4, '1', '[\"empresa 3\",479320,\"direccion 6, destino 4, pais 5\",[671556739],[\"\\r\\n    dach.joany@gmail.com\",\"\\r\\n    heller.margie@gmail.com\"]]', 0),
(4, 5, '1', '[\"empresa 4\",468110,\"direccion 8, destino 1, pais 1\",[680792934],[\"\\r\\n    kirlin.ashton@yahoo.com\",\"\\r\\n    hartmann.arvilla@bode.info\"]]', 0),
(5, 6, '1', '[\"empresa 5\",992202,\"direccion 6, destino 4, pais 4\",[638822783],[\"\\r\\n    aida53@hotmail.com\",\"\\r\\n    champlin.abdiel@gutkowski.com\"]]', 0),
(6, 7, '1', '[\"empresa 6\",639762,\"direccion 8, destino 1, pais 2\",[667825896],[\"\\r\\n    kgleichner@gmail.com\",\"\\r\\n    lerdman@gmail.com\"]]', 0),
(7, 8, '1', '[\"empresa 7\",181335,\"direccion 6, destino 2, pais 2\",[674930675],[\"\\r\\n    marina51@hotmail.com\",\"\\r\\n    edgar68@schamberger.com\"]]', 0),
(8, 9, '1', '[\"empresa 8\",363832,\"direccion 7, destino 1, pais 2\",[673605354],[\"\\r\\n    champlin.abdiel@gutkowski.com\",\"\\r\\n    akilback@hill.org\"]]', 0),
(9, 10, '1', '[\"empresa 9\",648512,\"direccion 3, destino 5, pais 4\",[688398893],[\"\\r\\n    aida53@hotmail.com\",\"\\r\\n    jennie91@hotmail.com\"]]', 0),
(10, 11, '1', '[\"empresa 10\",277916,\"direccion 7, destino 4, pais 3\",[630845665],[\"\\r\\n    mstokes@mertz.net\",\"\\r\\n    bethany.stracke@hotmail.com\"]]', 0),
(11, 12, '2', '[\"Lina, Forbes Irwin\",278912,[672084694],[\"\\r\\n    cristopher30@hotmail.com\"],1,1]', 0),
(12, 13, '2', '[\"Samir, Haynes Chen\",302036,[652291277],[\"\\r\\n    akilback@hill.org\"],1,2]', 0),
(13, 14, '2', '[\"Asha, Lindsay Washington\",554627,[656853851],[\"\\r\\n    billy66@ohara.com\"],1,1]', 0),
(14, 15, '2', '[\"Malik, Navarro Wise\",814348,[611109067],[\"\\r\\n    nader.ernie@murray.com\"],3,1]', 0),
(15, 16, '2', '[\"Kala, Albert Mccarthy\",894259,[615198699],[\"\\r\\n    ikoelpin@yahoo.com\"],3,1]', 0),
(16, 17, '2', '[\"Kala, Townsend Griffin\",909279,[632204020],[\"\\r\\n    kgleichner@gmail.com\"],1,2]', 0),
(17, 1, '4', '[\"tour 17\",\"12:30\",\"18:00\",1,\"destino 5\"]', 0),
(18, 1, '4', '[\"tour 18\",\"12:30\",\"17:00\",1,\"destino 3\"]', 0),
(19, 1, '4', '[\"tour 19\",\"07:30\",\"19:30\",1,\"destino 5\"]', 0),
(20, 1, '4', '[\"tour 20\",\"07:00\",\"16:00\",2,\"destino 3\"]', 0),
(21, 1, '4', '[\"tour 21\",\"07:00\",\"19:30\",2,\"destino 3\"]', 0),
(22, 1, '4', '[\"tour 22\",\"09:00\",\"14:30\",2,\"destino 1\"]', 0),
(23, 1, '4', '[\"tour 23\",\"11:00\",\"20:00\",2,\"destino 5\"]', 0),
(24, 1, '4', '[\"tour 24\",\"11:30\",\"14:00\",1,\"destino 3\"]', 0),
(25, 1, '3', '[\"hotel 25\",3,null,\"restaurante\",\"direccion 2, destino 4, pais 5\",3,[625367421],[\"\\r\\n    waldo.jast@emmerich.com\"]]', 0),
(26, 1, '3', '[\"hotel 26\",2,null,[\"piscina\",\"restaurante\",\"jardin\",\"wifi\"],\"direccion 3, destino 1, pais 2\",3,[653127743],[\"\\r\\n    qchamplin@yahoo.com\"]]', 0),
(27, 1, '3', '[\"hotel 27\",3,null,[\"piscina\",\"wifi\"],\"direccion 3, destino 1, pais 5\",7,[657664490],[\"\\r\\n    edgar68@schamberger.com\"]]', 0),
(28, 1, '3', '[\"hotel 28\",2,null,[\"piscina\",\"restaurante\",\"jardin\",\"wifi\"],\"direccion 5, destino 2, pais 5\",6,[627826958],[\"\\r\\n    louie.hettinger@heidenreich.com\"]]', 0),
(29, 1, '3', '[\"hotel 29\",1,5,[\"piscina\",\"jardin\",\"wifi\"],\"direccion 5, destino 4, pais 3\",7,[604583863],[\"\\r\\n    christiansen.derrick@gmail.com\"]]', 0),
(30, 1, '3', '[\"hotel 30\",1,3,\"wifi\",\"direccion 8, destino 5, pais 3\",7,[623970436],[\"\\r\\n    justus17@yahoo.com\"]]', 0),
(31, 1, '3', '[\"hotel 31\",1,4,\"piscina\",\"direccion 1, destino 3, pais 1\",7,[633879360],[\"\\r\\n    graham.lottie@hotmail.com\"]]', 0),
(32, 1, '3', '[\"hotel 32\",2,null,\"restaurante\",\"direccion 7, destino 1, pais 3\",6,[668895292],[\"\\r\\n    mafalda.marvin@gmail.com\"]]', 0),
(33, 1, '3', '[\"hotel 33\",2,null,[\"piscina\",\"restaurante\",\"wifi\"],\"direccion 10, destino 2, pais 3\",3,[692980365],[\"\\r\\n    kprohaska@hotmail.com\"]]', 0),
(34, 1, '3', '[\"hotel 34\",1,1,[\"restaurante\",\"wifi\"],\"direccion 10, destino 4, pais 5\",7,[630331399],[\"\\r\\n    cristopher30@hotmail.com\"]]', 0),
(35, 1, '3', '[\"hotel 35\",1,5,[\"piscina\",\"restaurante\",\"jardin\",\"wifi\"],\"direccion 3, destino 1, pais 4\",7,[606050107],[\"\\r\\n    kprohaska@hotmail.com\"]]', 0),
(36, 1, '3', '[\"hotel 36\",3,null,[\"piscina\",\"wifi\"],\"direccion 5, destino 3, pais 5\",5,[689663424],[\"\\r\\n    dgreenfelder@gmail.com\"]]', 0),
(37, 1, '3', '[\"hotel 37\",2,null,[\"piscina\",\"restaurante\"],\"direccion 2, destino 5, pais 2\",6,[637768053],[\"yost.garnet@roob.com\"]]', 0),
(38, 1, '3', '[\"hotel 38\",3,null,[\"piscina\",\"restaurante\",\"jardin\",\"wifi\"],\"direccion 3, destino 1, pais 5\",3,[632982257],[\"\\r\\n    hartmann.arvilla@bode.info\"]]', 0),
(39, 1, '5', '[\"paquete 39\",4,[\"destino 3\",\"destino 4\"]]', 0),
(40, 1, '5', '[\"paquete 40\",7,\"destino 4\"]', 0),
(41, 1, '5', '[\"paquete 41\",4,[\"destino 2\",\"destino 5\"]]', 0),
(42, 1, '5', '[\"paquete 42\",4,[\"destino 4\",\"destino 5\"]]', 0),
(43, 1, '5', '[\"paquete 43\",6,[\"destino 1\",\"destino 3\"]]', 0),
(44, 1, '5', '[\"paquete 44\",7,\"destino 5\"]', 0),
(45, 1, '5', '[\"paquete 45\",5,\"destino 3\"]', 0),
(46, 1, '5', '[\"paquete 46\",7,[\"destino 4\",\"destino 5\"]]', 0),
(47, 1, '5', '[\"paquete 47\",3,\"destino 4\"]', 0),
(48, 1, '5', '[\"paquete 48\",7,\"destino 2\"]', 0),
(49, 1, '5', '[\"paquete 49\",3,[\"destino 1\",\"destino 3\"]]', 0),
(50, 1, '5', '[\"paquete 50\",5,[\"destino 1\",\"destino 2\"]]', 0);

-- --------------------------------------------------------

--
-- Estructura de tabla para la tabla `invoices`
--

CREATE TABLE `invoices` (
  `id` int(11) NOT NULL,
  `document_id` int(11) DEFAULT NULL,
  `payment_type` tinyint(1) NOT NULL,
  `document_type` tinyint(4) NOT NULL,
  `document_date` date DEFAULT NULL,
  `amount` float NOT NULL,
  `paid` float NOT NULL,
  `currency` varchar(4) COLLATE utf8mb4_unicode_ci NOT NULL,
  `concepto` varchar(300) COLLATE utf8mb4_unicode_ci DEFAULT NULL,
  `payer` int(11) DEFAULT NULL,
  `charger` int(11) DEFAULT NULL
) ENGINE=InnoDB DEFAULT CHARSET=utf8mb4 COLLATE=utf8mb4_unicode_ci;

-- --------------------------------------------------------

--
-- Estructura de tabla para la tabla `passengers`
--

CREATE TABLE `passengers` (
  `group_id` int(11) NOT NULL,
  `activity_index` tinyint(4) NOT NULL,
  `activity_type` tinyint(4) NOT NULL,
  `event_ref` int(11) NOT NULL,
  `pax` longtext CHARACTER SET utf8mb4 COLLATE utf8mb4_bin DEFAULT NULL CHECK (json_valid(`pax`))
) ENGINE=InnoDB DEFAULT CHARSET=utf8mb4 COLLATE=utf8mb4_unicode_ci;

--
-- Índices para tablas volcadas
--

--
-- Indices de la tabla `activities`
--
ALTER TABLE `activities`
  ADD PRIMARY KEY (`group_id`,`activity_index`,`activity_type`),
  ADD KEY `agent` (`agent`);

--
-- Indices de la tabla `activity_group`
--
ALTER TABLE `activity_group`
  ADD PRIMARY KEY (`id`);

--
-- Indices de la tabla `agents`
--
ALTER TABLE `agents`
  ADD PRIMARY KEY (`id`);

--
-- Indices de la tabla `concept_invoice`
--
ALTER TABLE `concept_invoice`
  ADD PRIMARY KEY (`id`),
  ADD KEY `group_id` (`group_id`,`activity_index`,`activity_type`),
  ADD KEY `invoice` (`invoice`);

--
-- Indices de la tabla `inventory_items`
--
ALTER TABLE `inventory_items`
  ADD PRIMARY KEY (`id`),
  ADD KEY `agent` (`agent`);

--
-- Indices de la tabla `invoices`
--
ALTER TABLE `invoices`
  ADD PRIMARY KEY (`id`),
  ADD KEY `payer` (`payer`),
  ADD KEY `charger` (`charger`);

--
-- Indices de la tabla `passengers`
--
ALTER TABLE `passengers`
  ADD PRIMARY KEY (`group_id`,`activity_index`,`activity_type`,`event_ref`),
  ADD KEY `event_ref` (`event_ref`);

--
-- AUTO_INCREMENT de las tablas volcadas
--

--
-- AUTO_INCREMENT de la tabla `activity_group`
--
ALTER TABLE `activity_group`
  MODIFY `id` int(11) NOT NULL AUTO_INCREMENT, AUTO_INCREMENT=105;

--
-- AUTO_INCREMENT de la tabla `agents`
--
ALTER TABLE `agents`
  MODIFY `id` int(11) NOT NULL AUTO_INCREMENT, AUTO_INCREMENT=30;

--
-- AUTO_INCREMENT de la tabla `concept_invoice`
--
ALTER TABLE `concept_invoice`
  MODIFY `id` int(11) NOT NULL AUTO_INCREMENT;

--
-- AUTO_INCREMENT de la tabla `inventory_items`
--
ALTER TABLE `inventory_items`
  MODIFY `id` int(11) NOT NULL AUTO_INCREMENT, AUTO_INCREMENT=51;

--
-- AUTO_INCREMENT de la tabla `invoices`
--
ALTER TABLE `invoices`
  MODIFY `id` int(11) NOT NULL AUTO_INCREMENT;

--
-- Restricciones para tablas volcadas
--

--
-- Filtros para la tabla `activities`
--
ALTER TABLE `activities`
  ADD CONSTRAINT `activities_ibfk_1` FOREIGN KEY (`group_id`) REFERENCES `activity_group` (`id`),
  ADD CONSTRAINT `activities_ibfk_2` FOREIGN KEY (`agent`) REFERENCES `agents` (`id`);

--
-- Filtros para la tabla `concept_invoice`
--
ALTER TABLE `concept_invoice`
  ADD CONSTRAINT `concept_invoice_ibfk_1` FOREIGN KEY (`group_id`,`activity_index`,`activity_type`) REFERENCES `activities` (`group_id`, `activity_index`, `activity_type`),
  ADD CONSTRAINT `concept_invoice_ibfk_2` FOREIGN KEY (`invoice`) REFERENCES `invoices` (`id`);

--
-- Filtros para la tabla `inventory_items`
--
ALTER TABLE `inventory_items`
  ADD CONSTRAINT `inventory_items_ibfk_1` FOREIGN KEY (`agent`) REFERENCES `agents` (`id`);

--
-- Filtros para la tabla `invoices`
--
ALTER TABLE `invoices`
  ADD CONSTRAINT `invoices_ibfk_1` FOREIGN KEY (`payer`) REFERENCES `agents` (`id`),
  ADD CONSTRAINT `invoices_ibfk_2` FOREIGN KEY (`charger`) REFERENCES `agents` (`id`);

--
-- Filtros para la tabla `passengers`
--
ALTER TABLE `passengers`
  ADD CONSTRAINT `passengers_ibfk_1` FOREIGN KEY (`group_id`,`activity_index`,`activity_type`) REFERENCES `activities` (`group_id`, `activity_index`, `activity_type`),
  ADD CONSTRAINT `passengers_ibfk_2` FOREIGN KEY (`event_ref`) REFERENCES `activity_group` (`id`);
COMMIT;

/*!40101 SET CHARACTER_SET_CLIENT=@OLD_CHARACTER_SET_CLIENT */;
/*!40101 SET CHARACTER_SET_RESULTS=@OLD_CHARACTER_SET_RESULTS */;
/*!40101 SET COLLATION_CONNECTION=@OLD_COLLATION_CONNECTION */;
